Town,Store
Avon,Bottle Stop
Avon,Cheers 2 U Wine And Spirits
Avon,North House
Avon,Super Cellar Warehouse Liquors
Berlin,Berlin Spirits
Berlin,C & C Wines And Spirits
Berlin,Turnpike Liquors
Bethany,Town & Country Liquors 
Bethel,Caraluzzi's Wine & Spirits
Branford,Absolute Liquors
Branford,Branford Wine & Spirits
Branford,Rosso Vino
Branford,Wine Barrel
Bridgeport,A & J Liquors
Bridgeport,Absorb Discount Wine And Liquor
Bridgeport,Adega Velha Restaurant
Bridgeport,Bevmax
Bridgeport,Bevmax Wine & Liquor
Bridgeport,Brookside Discount Wine 
Bridgeport,Caesars Liquor Store 
Bridgeport,Ciales Liquors  
Bridgeport,Conte's Package Store
Bridgeport,East End Package Store  
Bridgeport,Ely Liquor Store
Bridgeport,Felix Package Store
Bridgeport,Germania Schwaben
Bridgeport,J E Liquor Store
Bridgeport,Julianne's Wine And Liquor Store
Bridgeport,Lancers
Bridgeport,Main Wine & Liquor Shoppe
Bridgeport,Monaco's Discount Liquor
Bridgeport,Park Package  
Bridgeport,Pit Stop Package
Bridgeport,Price Break Liquor  
Bridgeport,Rite Price Liquor  
Bridgeport,Serenata Restaurant  
Bridgeport,Vazzy's Pasta & Pizza  
Bridgeport,Wirth Liquor  
Bristol,Bristol Wine & Spirits Llc
Bristol,Broad Street Package Store
Bristol,Crazy Bruce's Liquors
Bristol,Edgewood Wine & Spirits
Bristol,Happy Harry's
Bristol,Maple End Package Store
Bristol,Nick's Package Store
Brookfield,Heron's
Burlington,Scotty's Spirit Shop
Centerbrook,Centerbrook Package Store
Cheshire,Premier Wine & Spirits
Cheshire,Super Wines & Liquors
Cheshire,Wine Merchants
Clinton,Glenwood Wine & Spirits Outlet
Cos Cob,Cos Cob Liquor
Cromwell,Mom And Pop's Discount Liquors
Cromwell,Willowbrook Spirit Shoppe
Danbury,Caraluzzi's Wine & Spirits Danbury Fairgrounds
Danbury,Danbury Liquor Store 
Danbury,Exit 4 Liquors
Danbury,Gulliver Wine And Liquor
Danbury,Kenny's Wine & Spirits
Danbury,Max Wine & Spirits
Danbury,Mill Plain Package Store  
Danbury,Northridge Wine & Liquors
Danbury,Papi's Liquor  
Danbury,Spirits 'N' Such
Danbury,The Cave Wine & Spirits
Danbury,Tropical Liquor Store
Danbury,Warehouse Wine & Liquors
Danbury,Warehouse Wine And Liquors
Danielson,Danielson Liquors
Darien,Glen Liquor
Darien,Leary's Liquor Cabinet
Darien,Nicholas Roberts Ltd
Darien,White Bridge Liquor
Darien,Wine Ports of Darien
Deep River,Shore Discount Liquor
Derby,Derby Discount Liquor
Derby,Liquor Factory
East Granby,Liquor Cabinet
East Haven,Pathway Liquor Warehouse
East Haven,South Shore Wine & Spirit
East Windsor,Kaman's Wines & Lqrs
Enfield,Enfield Liquor & Wine
Fairfield,Al's Warehouse Liquor Store
Fairfield,Fairfield Wines & Spirits
Fairfield,Harry's Wine & Liquor Market
Fairfield,Little Goose
Fairfield,Local Kitchen & Beer Bar
Fairfield,Premier Wine & Spirits
Fairfield,Stratfield Wine & Liquor
Fairfield,Super Discount Wine & Spirits
Fairfield,That's The Spirit
Fairfield,That's The Spirit Shoppe
Fairfield,Villa Wine & Spirits
Farmington,Maximum Beverage
Glastonbury,Corks Fine Wine & Spirits
Glastonbury,Cortes Fine Wine & Spirits
Glastonbury,One Stop Spirit Shop
Glastonbury,South Side Wine-Spirit Shoppe
Greenwich,A1 Cellars
Greenwich,Bruce Parks Liquor
Greenwich,Continental Fine Wine & Spirits
Greenwich,Crew Restaurant
Greenwich,Glenville Wine & Spirits
Greenwich,Greenwich Wine And Spirits
Greenwich,Labella's Fine Wine & Spirits
Greenwich,Polpo
Greenwich,Putnam & Vine - Wine And Spirits
Greenwich,Val's Putnam Wines & Liquors
Haddam,Tony's Package Store
Hamden,Cork & Barrel
Hamden,Discount Wine & Spirit Shoppe
Hamden,East Rock Package Store
Hamden,Liquor Mart
Hamden,Wine Merchants
Higganum,Teri's Package Store
Ledyard,Alumni Wine & Spirits
Lisbon,Better Val-U Lisbon Package
Manchester,Oxford Liquors
Manchester,Total Wine
Mansfield,East Brook Mall Discount
Meriden,Wine Merchants
Middletown,Connecticut Beverage Mart
Milford,Fairway Liquor Mart
Milford,Liquor Connection
Milford,On The Rocks Spirit Shop
Milford,Pond Haven Wine & Spirits
Milford,Total Wine
Milford,Wine & Liquor Junction
Milford,Wine & Spirits Company
Milford,Wines And More!
Milford,Woodmont Package Store
Monroe,Glen Ro Spirit Shoppe
Monroe,Warehouse Wine & Spirits
Monroe,Wines Unlimited
Mystic,Cask N Keg Package Store
Naugatuck,Crosspoint Liquors 
Naugatuck,D & D Liquors  
Naugatuck,Mountainview Plaza Wines
New Canaan,A1 Cellars
New Fairfield,Fairwood Wines And Liquors
New Haven,Cask Republic
New Haven,Chapel West Wine & Liquor
New Haven,College Wine
New Haven,Co-Op Liquor Store
New Haven,Enoteca Cassanova  
New Haven,Grand Vin
New Haven,Hollywood Package Store
New Haven,J.P. Dempseys  
New Haven,Odd Bins Bottle Shop
New Haven,Rawa
New Haven,Temple Wine & Liquor
New Haven,The New Bottle Shop
New Haven,Tre Scalini
New Haven,Zacharys Package Store
New Haven,Zafra  
New Milford,Valley Package Store
Newington,Country Package Store
Newington,Happy Harry's Wine & Liquor Warehouse
Newington,Plaza Wine & Liquor
Newtown,Cork N Barrel
Newtown,Fairgrounds Wine And Spirits
Newtown,Market Place
Newtown,Yankee Wine & Spirits
North Haven,Sav-Rite
Norwalk,Al's Warehouse #1
Norwalk,Al's Warehouse #2
Norwalk,Broad River Wine & Spirits
Norwalk,Budget Liquor
Norwalk,Budget Liquor Shop
Norwalk,Cranbury Wines & Liquors
Norwalk,Liquor Center
Norwalk,Norwalk Wine & Spirits
Norwalk,Old Post Spirit Shop
Norwalk,Spring Hill Liquor
Norwalk,Tablao Wine Bar & Restaurant
Norwalk,Total Wine
Norwalk,Warehouse Wines & Spirits Ltd
Norwalk,Wine & Beyond At Norwalk  
Norwalk,Wine Basket
Norwalk,World of Beverages
Old Saybrook,Paradise Wines & Spirits
Orange,Discount Wine & Liquor
Orange,Eli's Orange
Orange,New England Beverage Co
Orange,Silverbrook Wine & Liquor
Plainfield,Pit Stop Spirit Shop
Plainville,Big Saver Wines & Spirits
Pomfret Center,Pomfret Wine And Spirits
Putnam,Big Gary's Discount Liquor
Redding,Georgetown Package Store
Ridgefield,Ridgefield Wine And Spirits
Ridgefield,Rt 7 Wines & Liquor  
Ridgefield,Village Wine & Spirit
Rocky Hill,Cost Cutter Liquors Store
Salem,Two Brothers Pizza Restaurant
Sandy Hook,Nick's Chilled & Distilled
Seymour,Crown Liquors
Seymour,Linda's Wines And Liquor
Shelton,Adro
Shelton,Cork N Keg
Shelton,Glenro Spirit Shoppe
Shelton,Highland Golf Club  
Shelton,Howe Liquor Mart
Shelton,JD's Wine & Spirits
Shelton,Kindred Spirits & Wine
Shelton,Linda's Liquors And Wines
Shelton,Super Saver Spirits
Shelton,Wine Emporium
Somers,Kaman's Fine Wines & Spirits
Southbury,Heritage Hotel
Southbury,Lake Wine And Spirits
Southbury,Premier Wine & Spirits
Southbury,Warehouse Wine & Liquors
Southington,Queen Street Liquor
Southington,Southington Wine & Spirits
Southington,West Side Spirits
Southington,Worldwide Wine & Spirits
Southport,Horseshoe Restaurant  
Southport,Pequot Liquor  
Stafford Springs,Ruby's Fine Wine & Liquors
Stafford Springs,Stafford Spirits 
Stamford,Beverage Barn
Stamford,Bradford's Grill & Tavern
Stamford,Cost Less Wine And Liquor
Stamford,Cotto
Stamford,Crazy Grapes
Stamford,Discovery Cafe  
Stamford,Elks Club of Stamford  
Stamford,Fairway Stamford Wine & Spirit
Stamford,Fiddler's Green
Stamford,Four Corners Liquor Shop
Stamford,Harbor Point Wines & Spirits
Stamford,Hudson Grille  
Stamford,Judy's Bar & Kitchen  
Stamford,Maria's Liquor  
Stamford,Mel's Wine & Spirits
Stamford,Smith Liquor Store  
Stamford,Stamford Wine & Liquor
Stamford,Star Wine And Spirits
Stamford,Wagon Wheel Liquor
Stamford,West Main Liquor Store
Stamford,Westcott Cove W & S
Storrs,Villa Spirits Shoppe
Stratford,Barnum Wine & Spirits
Stratford,J & R's Pub  
Stratford,Last Call Wines & Liquors
Stratford,Lordship Wine & Liquor
Stratford,Lucky Discount Liquor
Stratford,S&S Wine And Liquor Warehouse
Stratford,Sam's Liquor  
Stratford,Sitting Duck
Stratford,South Main Wine And Liquor
Stratford,Windsor Package Store  
Tolland,Worldwide Wine Cellars
Trumbull,Al's Warehouse
Trumbull,Bottom Line Liquors
Trumbull,G & G Liquors
Trumbull,Sitting Duck
Vernon,Lafayette Wine & Liquors
Wallingford,A & D Package Store
Wallingford,Conn Beverage Mart
Wallingford,Discount Wine & Spirit
Wallingford,Eastside Spirit Shoppe
Wallingford,Liquor Mart
Wallingford,Wally Wine & Spirits
Wallingford,Wine Merchants
Wallingford,Ye Olde Spirits Shoppe
Waterbury,84 East Wines & Liquor  
Waterbury,Brass Mill Liquor's  
Waterbury,Colonial Wine & Liquor
Waterbury,Empire Wine & Liquor  
Waterbury,Hopeville Package Store  
Waterbury,J & J Liquors
West Hartford,A & S Discount Liquors
West Hartford,Cork'N Bottle Fine Wines & Spirits
West Hartford,Crazy Bruce's Liquors
West Hartford,Daly's Corner Package
West Hartford,Harry's Pizza
West Hartford,International Wine & Spirits
West Hartford,Maximum Beverage
West Hartford,Oakwood Package Store
West Hartford,Parkview Wine & Spirits
West Hartford,Plan B Burger Bar
West Hartford,Toast Wines & Spirits
West Hartford,Total Wine
West Hartford,Warehouse Liquors
West Hartford,West Side Wines & Spirits
West Haven,Campbell Package Store
West Haven,Center Package Store
West Haven,Forest Package
West Haven,Happy Harry's Wine & Liquor Warehouse
West Haven,Liquor King  
West Haven,Oceanview Fine Wine & Liquor
West Haven,Park Liquor Store
West Haven,Savin Rock Wine & Liquor
West Haven,Saw Mill Package Store
West Haven,Spirits of West Haven
West Haven,Warehouse Wines & Spirits
West Haven,West Haven Discount Liquor
West Haven,Ye Old Liquor Shoppe
Westport,Black Duck Cafe
Westport,Greens Farms Spirit Shop
Westport,Liquor Locker of Westport
Westport,Ninety 9 Bottles
Westport,Westport Wine & Spirits
Wilton,Wilton Wine Shoppe
Wolcott,Laurel Crest Liquors  
Wolcott,Mountain Top Liquor  
